<?xml version='1.0' encoding='windows-1252'?> 
<!-- Copyright (c) 2004, 2012, Oracle and/or its affiliates. 
All rights reserved. -->

<!-- ref host for zlinux -->
<HOST PLATID="211">
  <SYSTEM>
    <MEMORY>
      <PHYSICAL_MEMORY VALUE="1024" UNIT="MB"/>
      <SWAP_SIZE>
        <STEP NAME="PHYSICAL_MEMORY" ATLEAST="0" ATMOST="256" UNIT="MB" MULTIPLE="3"/>
        <STEP NAME="PHYSICAL_MEMORY" GREATER_THAN="256" ATMOST="512" UNIT="MB" MULTIPLE="2"/>
        <STEP NAME="PHYSICAL_MEMORY" GREATER_THAN="512" ATMOST="2048" UNIT="MB" MULTIPLE="1.5"/>
        <STEP NAME="PHYSICAL_MEMORY" GREATER_THAN="2048" ATMOST="8192" UNIT="MB" MULTIPLE="1"/>
        <STEP NAME="PHYSICAL_MEMORY" GREATER_THAN="8192" UNIT="MB" MULTIPLE="0.75"/>
      </SWAP_SIZE>
    </MEMORY>
  </SYSTEM> 
  <CERTIFIED_SYSTEMS>
  
    
    <OPERATING_SYSTEM>
      <VERSION VALUE="4"/>
      <ARCHITECTURE VALUE="s390x"/>
      <NAME VALUE="Linux"/>
      <VENDOR VALUE="redhat"/>
      <GLIBC ATLEAST="2.3.4-2.43"> 
      </GLIBC>
      <PACKAGES>
          <PACKAGE NAME="binutils" VERSION="2.15.92.0.2" ARCHITECTURE="s390x"/>
	      <PACKAGE NAME="compat-libstdc++-33" VERSION="3.2.3" ARCHITECTURE="s390" />
	      <PACKAGE NAME="compat-libstdc++-33" VERSION="3.2.3" ARCHITECTURE="s390x" />
		  <PACKAGE NAME="gcc" VERSION="3.4.6" ARCHITECTURE="s390x"/>
		  <PACKAGE NAME="gcc-c++" VERSION="3.4.6" ARCHITECTURE="s390x"/>
		  <PACKAGE NAME="glibc" VERSION="2.3.4-2.43" ARCHITECTURE="s390" />
		  <PACKAGE NAME="glibc" VERSION="2.3.4-2.43" ARCHITECTURE="s390x" />
		  <PACKAGE NAME="glibc-devel" VERSION="2.3.4-2.43" ARCHITECTURE="s390" />
	      <PACKAGE NAME="glibc-devel" VERSION="2.3.4-2.43" ARCHITECTURE="s390x" />
	      <PACKAGE NAME="libaio" VERSION="0.3.105-2" ARCHITECTURE="s390" />
	      <PACKAGE NAME="libaio" VERSION="0.3.105-2" ARCHITECTURE="s390x" />
          <PACKAGE NAME="libaio-devel" VERSION="0.3.105-2" ARCHITECTURE="s390"/>
		  <PACKAGE NAME="libaio-devel" VERSION="0.3.105-2" ARCHITECTURE="s390x"/>
	      <PACKAGE NAME="libgcc" VERSION="3.4.6" ARCHITECTURE="s390" />
	      <PACKAGE NAME="libgcc" VERSION="3.4.6" ARCHITECTURE="s390x" />
	      <PACKAGE NAME="libstdc++" VERSION="3.4.6" />
	      <PACKAGE NAME="libstdc++" VERSION="3.4.6" ARCHITECTURE="s390x" />
	      <PACKAGE NAME="libstdc++-devel" VERSION="3.4.6" />
	      <PACKAGE NAME="libstdc++-devel" VERSION="3.4.6" ARCHITECTURE="s390x"/>
	      <PACKAGE NAME="make" VERSION="3.80" />
		  <PACKAGE NAME="pdksh" VERSION="..." />
	      <PACKAGE NAME="sysstat" VERSION="5.0.5" />
		  
      </PACKAGES>
      <KERNEL>

              <!--<PROPERTY NAME="VERSION" VALUE="2.6.9"/>-->
              <PROPERTY NAME="hardnofiles" VALUE="4096"/> 
              <PROPERTY NAME="softnofiles" VALUE="4096"/> 
      </KERNEL>
    </OPERATING_SYSTEM>
    <OPERATING_SYSTEM>
      <VERSION VALUE="5"/>
      <ARCHITECTURE VALUE="s390x"/>
      <NAME VALUE="Linux"/>
      <VENDOR VALUE="redhat"/>
      <GLIBC ATLEAST="2.5-42"> 
      </GLIBC>
      <PACKAGES>
			<PACKAGE NAME="binutils" VERSION="2.17.50.0.6" ARCHITECTURE="s390x"/>
			<PACKAGE NAME="compat-libstdc++-33" VERSION="3.2.3" ARCHITECTURE="s390" />
			<PACKAGE NAME="compat-libstdc++-33" VERSION="3.2.3" ARCHITECTURE="s390x" />
			<PACKAGE NAME="gcc" VERSION="4.1.2" ARCHITECTURE="s390x"/>
			<PACKAGE NAME="gcc-c++" VERSION="4.1.2" ARCHITECTURE="s390x"/>
			<PACKAGE NAME="glibc" VERSION="2.5-42" ARCHITECTURE="s390" />
			<PACKAGE NAME="glibc" VERSION="2.5-42" ARCHITECTURE="s390x" />
			<PACKAGE NAME="glibc-devel" VERSION="2.5-42" ARCHITECTURE="s390" />
			<PACKAGE NAME="glibc-devel" VERSION="2.5-42" ARCHITECTURE="s390x" />
			<PACKAGE NAME="ksh" VERSION="..." />
			<PACKAGE NAME="libaio" VERSION="0.3.106-3.2" ARCHITECTURE="s390" />
			<PACKAGE NAME="libaio" VERSION="0.3.106-3.2" ARCHITECTURE="s390x" />
			<PACKAGE NAME="libaio-devel" VERSION="0.3.106-3.2" ARCHITECTURE="s390" />
			<PACKAGE NAME="libaio-devel" VERSION="0.3.106-3.2" ARCHITECTURE="s390x" />
			<PACKAGE NAME="libgcc" VERSION="4.1.2" ARCHITECTURE="s390" />
			<PACKAGE NAME="libgcc" VERSION="4.1.2" ARCHITECTURE="s390x" />
			<PACKAGE NAME="libstdc++" VERSION="4.1.2" ARCHITECTURE="s390x" /> 
			<PACKAGE NAME="libstdc++" VERSION="4.1.2" ARCHITECTURE="s390x" />
			<PACKAGE NAME="libstdc++-devel" VERSION="4.1.2" ARCHITECTURE="s390x"/>
			<PACKAGE NAME="make" VERSION="3.81" />
			<PACKAGE NAME="sysstat" VERSION="7.0.2" />
      </PACKAGES>
      <KERNEL>

              <!--<PROPERTY NAME="VERSION" VALUE="2.6.18"/>-->
              <PROPERTY NAME="hardnofiles" VALUE="4096"/> 
              <PROPERTY NAME="softnofiles" VALUE="4096"/> 
      </KERNEL>
    </OPERATING_SYSTEM>
    <OPERATING_SYSTEM>
      <VERSION VALUE="10"/>
      <ARCHITECTURE VALUE="s390x"/>
      <NAME VALUE="Linux"/>
      <VENDOR VALUE="SuSE"/>
      <GLIBC ATLEAST="2.4-31.2">
      </GLIBC>
      <PACKAGES>
			<PACKAGE NAME="binutils" VERSION="2.16.91.0.5" ARCHITECTURE="s390x"/>
			<PACKAGE NAME="gcc" VERSION="4.1.2" ARCHITECTURE="s390x"/>
			<PACKAGE NAME="gcc-c++" VERSION="4.1.2" ARCHITECTURE="s390x"/>
			<PACKAGE NAME="glibc" VERSION="2.4-31.74.1" ARCHITECTURE="s390x"/>
			<PACKAGE NAME="glibc-32bit" VERSION="2.4-31.74.1" ARCHITECTURE="s390x"/>
			<PACKAGE NAME="glibc-devel" VERSION="2.4-31.74.1" ARCHITECTURE="s390x"/>
			<PACKAGE NAME="glibc-devel-32bit" VERSION="2.4-31.74.1" ARCHITECTURE="s390x"/>
			<PACKAGE NAME="ksh" VERSION="..." />
			<PACKAGE NAME="libaio" VERSION="0.3.104" ARCHITECTURE="s390x"/>
			<PACKAGE NAME="libaio-32bit" VERSION="0.3.104" ARCHITECTURE="s390x"/>
			<PACKAGE NAME="libaio-devel" VERSION="0.3.104" ARCHITECTURE="s390x"/>
			<PACKAGE NAME="libaio-devel-32bit" VERSION="0.3.104" ARCHITECTURE="s390x"/>
			<PACKAGE NAME="libstdc++" VERSION="4.1.2" ARCHITECTURE="s390x"/>
			<PACKAGE NAME="libstdc++-devel" VERSION="4.1.2" ARCHITECTURE="s390x"/>
			<PACKAGE NAME="make" VERSION="3.80" ARCHITECTURE="s390x"/>
			<PACKAGE NAME="sysstat" VERSION="8.0.4" ARCHITECTURE="s390x"/>
      </PACKAGES>
      <KERNEL>

              <!--<PROPERTY NAME="VERSION" VALUE="2.6.16.60"/>-->
              <PROPERTY NAME="hardnofiles" VALUE="4096"/> 
              <PROPERTY NAME="softnofiles" VALUE="4096"/> 
      </KERNEL>
    </OPERATING_SYSTEM>
    <OPERATING_SYSTEM>
      <VERSION VALUE="11"/>
      <ARCHITECTURE VALUE="s390x"/>
      <NAME VALUE="Linux"/>
      <VENDOR VALUE="SuSE"/>
      <GLIBC ATLEAST="2.9-13.2">
      </GLIBC>
      <PACKAGES>
			  <PACKAGE NAME="binutils" VERSION="2.20.0-0.7.9" ARCHITECTURE="s390x"/>
              <PACKAGE NAME="gcc" VERSION="4.3-62.198" ARCHITECTURE="s390x"/>
              <PACKAGE NAME="gcc-c++" VERSION="4.3-62.198" ARCHITECTURE="s390x"/>
              <PACKAGE NAME="glibc" VERSION="2.11.1-0.17.4" ARCHITECTURE="s390x"/>
              <PACKAGE NAME="glibc-32bit" VERSION="2.11.1-0.17.4" ARCHITECTURE="s390x"/>
              <PACKAGE NAME="glibc-devel" VERSION="2.11.1-0.17.4" ARCHITECTURE="s390x"/>
              <PACKAGE NAME="glibc-devel-32bit" VERSION="2.11.1-0.17.4" ARCHITECTURE="s390x"/>
			  <PACKAGE NAME="ksh" VERSION="..." />
              <PACKAGE NAME="libaio" VERSION="0.3.109-0.1.46" ARCHITECTURE="s390x"/>
			  <PACKAGE NAME="libaio-32bit" VERSION="0.3.109-0.1.46" ARCHITECTURE="s390x"/>
              <PACKAGE NAME="libaio-devel" VERSION="0.3.109-0.1.46" ARCHITECTURE="s390x"/>
              <PACKAGE NAME="libaio-devel-32bit" VERSION="0.3.109-0.1.46" ARCHITECTURE="s390x"/>
              <PACKAGE NAME="libstdc++43" VERSION="43-4.3.4_20091019-0.7.35" ARCHITECTURE="s390x"/>
			  <PACKAGE NAME="libstdc++43-32bit" VERSION="43-4.3.4_20091019-0.7.35" ARCHITECTURE="s390x"/>
              <PACKAGE NAME="libstdc++43-devel" VERSION="43-4.3.4_20091019-0.7.35" ARCHITECTURE="s390x"/>
			  <PACKAGE NAME="libstdc++43-devel-32bit" VERSION="43-4.3.4_20091019-0.7.35" ARCHITECTURE="s390x"/>
			  <PACKAGE NAME="libgcc43" VERSION="4.3.4_20091019-0.7.35" ARCHITECTURE="s390x"/>
              <PACKAGE NAME="make" VERSION="3.81"/>
			  <PACKAGE NAME="sysstat" VERSION="8.1.5-7.9.56" ARCHITECTURE="s390x"/>
			 
      </PACKAGES>
      <KERNEL>
              <!--<PROPERTY NAME="VERSION" VALUE="2.6.32.12"/>-->
              <PROPERTY NAME="hardnofiles" VALUE="4096"/> 
              <PROPERTY NAME="softnofiles" VALUE="4096"/> 
      </KERNEL>
    </OPERATING_SYSTEM>

  </CERTIFIED_SYSTEMS>
  <ORACLE_HOME>
    <COMPATIBILITY_MATRIX>
      <ALLOW>
        <NEW_HOME/>
      </ALLOW>   
      <DISALLOW>
        <COMP NAME="oracle.server" ATLEAST="8.1.0.0.0" ATMOST="9.2.0.9.0"/>
        <COMP NAME="oracle.server" ATLEAST="10.1.0.0.0" ATMOST="10.2.0.9.0"/>
        <COMP NAME="oracle.client" ATLEAST="8.1.0.0.0" ATMOST="9.2.0.9.0"/>
        <COMP NAME="oracle.iappserver.iapptop" ATLEAST="9.0.2.0.0" ATMOST="99.9.9.9.9"/>
        <COMP NAME="oracle.iappserver.infrastructure" ATLEAST="9.0.2.0.0" ATMOST="99.9.9.9.9"/>
        <COMP NAME="oracle.iappserver.devcorner " ATLEAST="9.0.2.0.0" ATMOST="99.9.9.9.9"/>
        <COMP NAME="oracle.ids.toplevel.development" ATLEAST="9.0.0.0.0" ATMOST="99.9.9.9.9"/>
        <COMP NAME="oracle.install.instcommon" ATLEAST="8.1.3.0.0" ATMOST="9.2.9.9.9"/>
        <COMP NAME="oracle.client" ATLEAST="10.1.0.0.0"/>
        <COMP NAME="oracle.crs" ATLEAST="10.1.0.0.0"/>
        <ORCA_HOME/> 
      </DISALLOW>     
    </COMPATIBILITY_MATRIX>
  </ORACLE_HOME>
</HOST>
