<?xml version='1.0' encoding='windows-1252'?>
<HOST PLATID="2">
  <SYSTEM>
      <MEMORY>
            <PHYSICAL_MEMORY VALUE="1024" UNIT="MB"/>
             <AVAILABLE_MEMORY VALUE="512" UNIT="MB"/>
              <SWAP_SIZE>
        <STEP NAME="PHYSICAL_MEMORY" ATLEAST="0" ATMOST="256" UNIT="MB" MULTIPLE="3"/>
        <STEP NAME="PHYSICAL_MEMORY" GREATER_THAN="256" ATMOST="512" UNIT="MB" MULTIPLE="2"/>
        <STEP NAME="PHYSICAL_MEMORY" GREATER_THAN="512" ATMOST="2048" UNIT="MB" MULTIPLE="1.5"/>
        <STEP NAME="PHYSICAL_MEMORY" GREATER_THAN="2048" ATMOST="8192" UNIT="MB" MULTIPLE="1"/>
        <STEP NAME="PHYSICAL_MEMORY" GREATER_THAN="8192" UNIT="MB" MULTIPLE="0.75"/>
        </SWAP_SIZE>
</MEMORY>
 </SYSTEM>
  <CERTIFIED_SYSTEMS>
    <OPERATING_SYSTEM>
      <VERSION VALUE="11.23"/>
      <ARCHITECTURE VALUE="PA_RISC2.0"/>
      <NAME VALUE="HP-UX"/>
      <VENDOR VALUE="HP Corp."/>
      <PACKAGES>
      </PACKAGES>
      <PATCHES VALUE="PHCO_35524,PHCO_36673,PHKL_35029,PHKL_35478,PHKL_35767,PHKL_36853,PHSS_35101,PHSS_35102,PHSS_35103,PHSS_35176,PHSS_35978,PHSS_35979,PHSS_37201"/>
      <KERNEL>
    <PROPERTY NAME="ksi_alloc_max" VALUE="32768" />
        <PROPERTY NAME="max_thread_proc" VALUE="1024" />
        <PROPERTY NAME="maxdsiz" VALUE="1073741824" />
        <PROPERTY NAME="maxdsiz_64bit" VALUE="2147483648" />
        <PROPERTY NAME="maxssiz" VALUE="134217728" />
        <PROPERTY NAME="maxssiz_64bit" VALUE="1073741824" />
        <!-- <PROPERTY NAME="maxswapchunks" VALUE="16384" /> 
	maxswapchunks and semmap are obsolete for 11.23 and higher
	-->
        <PROPERTY NAME="maxuprc" VALUE="3687" />
        <PROPERTY NAME="msgmap" VALUE="4098" />
        <PROPERTY NAME="msgmni" VALUE="4096" />
        <PROPERTY NAME="msgseg" VALUE="32767" />
        <PROPERTY NAME="msgtql" VALUE="4096" />
        <PROPERTY NAME="ncsize" VALUE="35840" />
        <PROPERTY NAME="nfile" VALUE="63488" />
        <PROPERTY NAME="nflocks" VALUE="4096" />
        <PROPERTY NAME="ninode" VALUE="34816" />
        <PROPERTY NAME="nkthread" VALUE="7184" />
        <PROPERTY NAME="nproc" VALUE="4096" />
        <!-- <PROPERTY NAME="semmap" VALUE="4098" /> -->
        <PROPERTY NAME="semmni" VALUE="4096" />
        <PROPERTY NAME="semmns" VALUE="8192" />
        <PROPERTY NAME="semmnu" VALUE="4092" />
        <PROPERTY NAME="semvmx" VALUE="32767" />
        <PROPERTY NAME="shmmax" VALUE="1073741824" />
        <PROPERTY NAME="shmmni" VALUE="4096" />
        <PROPERTY NAME="shmseg" VALUE="512" />
        <PROPERTY NAME="vps_ceiling" VALUE="64" />  
      </KERNEL>
    </OPERATING_SYSTEM>
    <OPERATING_SYSTEM>
      <VERSION VALUE="11.31"/>
      <ARCHITECTURE VALUE="PA_RISC2.0"/>
      <NAME VALUE="HP-UX"/>
      <VENDOR VALUE="HP Corp."/>
      <PACKAGES>
      </PACKAGES>
      <PATCHES VALUE="PHKL_36248,PHKL_36249,PHSS_37202,PHSS_37501,PHCO_38050" />
      <KERNEL>
    <PROPERTY NAME="ksi_alloc_max" VALUE="32768" />
        <PROPERTY NAME="max_thread_proc" VALUE="1024" />
        <PROPERTY NAME="maxdsiz" VALUE="1073741824" />
        <PROPERTY NAME="maxdsiz_64bit" VALUE="2147483648" />
        <PROPERTY NAME="maxssiz" VALUE="134217728" />
        <PROPERTY NAME="maxssiz_64bit" VALUE="1073741824" />
        <!-- <PROPERTY NAME="maxswapchunks" VALUE="16384" /> 
	maxswapchunks and semmap are obsolete for 11.23 and higher
	msgmap,msgseg & nfile are obsolete for 11.31 
	-->
        <PROPERTY NAME="maxuprc" VALUE="3687" />
	<PROPERTY NAME="msgmni" VALUE="4096" /> 
        <PROPERTY NAME="msgtql" VALUE="4096" />
        <PROPERTY NAME="ncsize" VALUE="35840" />
        <PROPERTY NAME="nflocks" VALUE="4096" />
        <PROPERTY NAME="ninode" VALUE="34816" />
        <PROPERTY NAME="nkthread" VALUE="7184" />
        <PROPERTY NAME="nproc" VALUE="4096" />
        <!-- <PROPERTY NAME="semmap" VALUE="4098" /> -->
        <PROPERTY NAME="semmni" VALUE="4096" />
        <PROPERTY NAME="semmns" VALUE="8192" />
        <PROPERTY NAME="semmnu" VALUE="4092" />
        <PROPERTY NAME="semvmx" VALUE="32767" />
        <PROPERTY NAME="shmmax" VALUE="1073741824" />
        <PROPERTY NAME="shmmni" VALUE="4096" />
        <PROPERTY NAME="shmseg" VALUE="512" />
        <PROPERTY NAME="vps_ceiling" VALUE="64" />  
      </KERNEL>
    </OPERATING_SYSTEM>
  </CERTIFIED_SYSTEMS>
  <ORACLE_HOME>
    <COMPATIBILITY_MATRIX>
      <ALLOW>
        <NEW_HOME/>
      </ALLOW>   
      <DISALLOW>
        <COMP NAME="oracle.server" ATLEAST="8.1.0.0.0" ATMOST="9.2.0.9.0"/>
        <COMP NAME="oracle.server" ATLEAST="10.1.0.0.0" ATMOST="10.2.0.9.0"/>
        <COMP NAME="oracle.client" ATLEAST="8.1.0.0.0" ATMOST="9.2.0.9.0"/>
        <COMP NAME="oracle.iappserver.iapptop" ATLEAST="9.0.2.0.0" ATMOST="99.9.9.9.9"/>
        <COMP NAME="oracle.iappserver.infrastructure" ATLEAST="9.0.2.0.0" ATMOST="99.9.9.9.9"/>
        <COMP NAME="oracle.iappserver.devcorner " ATLEAST="9.0.2.0.0" ATMOST="99.9.9.9.9"/>
        <COMP NAME="oracle.ids.toplevel.development" ATLEAST="9.0.0.0.0" ATMOST="99.9.9.9.9"/>
        <COMP NAME="oracle.install.instcommon" ATLEAST="8.1.3.0.0" ATMOST="9.2.9.9.9"/>
        <COMP NAME="oracle.client" ATLEAST="10.1.0.0.0" />
        <COMP NAME="oracle.crs" ATLEAST="10.1.0.0.0" />
        <ORCA_HOME/> 
      </DISALLOW>     
    </COMPATIBILITY_MATRIX>
  </ORACLE_HOME>
</HOST>
