<?xml version='1.0' encoding='windows-1252'?>
<!-- ref host for solaris -->
<HOST PLATID="46">
  <CERTIFIED_SYSTEMS>
   <!-- <OPERATING_SYSTEM>
      <VERSION VALUE="Red Hat Enterprise Linux AS release 2.1"/>
      <ARCHITECTURE VALUE="x86"/>
      <NAME VALUE="Linux"/>
      <VENDOR VALUE="redhat"/>
      <GLIBC VALUE="2.2.4-32.17" />
      <KERNEL>
        <PROPERTY NAME="VERSION" VALUE="2.4.9-e.49" />        
        <PROPERTY NAME="hardnofiles" VALUE="65536" />
        <PROPERTY NAME="softnofiles" VALUE="4096" />
        <PROPERTY NAME="file-max" VALUE="131072" /> 
      </KERNEL>
    </OPERATING_SYSTEM>
    <OPERATING_SYSTEM>
      <VERSION VALUE="Red Hat Enterprise Linux AS release 3"/>
      <ARCHITECTURE VALUE="x86"/>
      <NAME VALUE="Linux"/>
      <VENDOR VALUE="redhat"/>
      <GLIBC VALUE="2.3.2-95.27" />
      <KERNEL>
        <PROPERTY NAME="VERSION" VALUE="2.4.21-20.EL" />
         <PROPERTY NAME="hardnofiles" VALUE="65536" />
         <PROPERTY NAME="softnofiles" VALUE="4096" /> 
         <PROPERTY NAME="file-max" VALUE="131072" /> 
      </KERNEL>
    </OPERATING_SYSTEM>-->
    <OPERATING_SYSTEM>
      <VERSION VALUE="Red Hat Enterprise Linux AS release 4"/>
      <ARCHITECTURE VALUE="x86"/>
      <NAME VALUE="Linux"/>
      <VENDOR VALUE="redhat"/>
      <GLIBC VALUE="2.3.4-2.9" />
      <KERNEL>
         <PROPERTY NAME="VERSION" VALUE="2.6.9-11.EL" />     
        <PROPERTY NAME="hardnofiles" VALUE="1024" /> 
        <PROPERTY NAME="softnofiles" VALUE="1024" /> 
        <PROPERTY NAME="file-max" VALUE="206173" /> 
      </KERNEL>
    </OPERATING_SYSTEM>

    <OPERATING_SYSTEM>
      <VERSION VALUE="Enterprise Linux Enterprise Linux AS release 4"/>
      <ARCHITECTURE VALUE="x86"/>
      <NAME VALUE="Linux"/>
      <VENDOR VALUE="redhat"/>
      <GLIBC VALUE="2.3.4-2.9" />
      <KERNEL>
         <PROPERTY NAME="VERSION" VALUE="2.6.9-11.EL" />     
        <PROPERTY NAME="hardnofiles" VALUE="1024" /> 
        <PROPERTY NAME="softnofiles" VALUE="1024" /> 
        <PROPERTY NAME="file-max" VALUE="206173" /> 
      </KERNEL>
    </OPERATING_SYSTEM>

	<OPERATING_SYSTEM>
	  <VERSION VALUE="Red Hat Enterprise Linux AS release 5"/>
      <ARCHITECTURE VALUE="x86"/>
      <NAME VALUE="Linux"/>
      <VENDOR VALUE="redhat"/>
      <GLIBC VALUE="2.3.4-2.9" />
      <KERNEL>
         <PROPERTY NAME="VERSION" VALUE="2.6.9-11.EL" />     
        <PROPERTY NAME="hardnofiles" VALUE="1024" /> 
        <PROPERTY NAME="softnofiles" VALUE="1024" /> 
        <PROPERTY NAME="file-max" VALUE="206173" /> 
      </KERNEL>
    </OPERATING_SYSTEM>

	<OPERATING_SYSTEM>
      <VERSION VALUE="Enterprise Linux Enterprise Linux Server release 5"/>
      <ARCHITECTURE VALUE="x86"/>
      <NAME VALUE="Linux"/>
      <VENDOR VALUE="redhat"/>
      <GLIBC VALUE="2.3.4-2.9" />
      <KERNEL>
         <PROPERTY NAME="VERSION" VALUE="2.6.9-11.EL" />     
        <PROPERTY NAME="hardnofiles" VALUE="1024" /> 
        <PROPERTY NAME="softnofiles" VALUE="1024" /> 
        <PROPERTY NAME="file-max" VALUE="206173" /> 
      </KERNEL>
    </OPERATING_SYSTEM>

    <OPERATING_SYSTEM>
      <VERSION VALUE="10"/>
      <ARCHITECTURE VALUE="x86"/>
      <NAME VALUE="Linux"/>
      <VENDOR VALUE="SuSE"/>
      <GLIBC VALUE="2.3.3-98.28" />
      <KERNEL>
         <PROPERTY NAME="VERSION" VALUE="2.6.5-7.97" />
        <PROPERTY NAME="hardnofiles" VALUE="65536" />
        <PROPERTY NAME="softnofiles" VALUE="4096" />
        <PROPERTY NAME="file-max" VALUE="131072" /> 
      </KERNEL>
    </OPERATING_SYSTEM>
	<!--
    <OPERATING_SYSTEM>
      <VERSION VALUE="1.0"/>
      <ARCHITECTURE VALUE="x86"/>
      <NAME VALUE="Linux"/>
      <VENDOR VALUE="UnitedLinux"/>
      <GLIBC VALUE="2.2.2-124" />
      <KERNEL>
        <PROPERTY NAME="VERSION" VALUE="2.4.21-138" />
        <PROPERTY NAME="hardnofiles" VALUE="65536" />
        <PROPERTY NAME="softnofiles" VALUE="4096" />
        <PROPERTY NAME="file-max" VALUE="131072" /> 
      </KERNEL>
    </OPERATING_SYSTEM> -->
  </CERTIFIED_SYSTEMS>
</HOST>
