<?xml version='1.0' encoding='windows-1252'?> 
<!-- Copyright (c) 2004, 2014, Oracle and/or its affiliates. 
All rights reserved.-->

<!-- ref host for linux -->
<HOST PLATID="46">
  <SYSTEM>
    <MEMORY>
      <PHYSICAL_MEMORY VALUE="1024" UNIT="MB"/>
      <SWAP_SIZE>
        <STEP NAME="PHYSICAL_MEMORY" ATLEAST="0" ATMOST="256" UNIT="MB" MULTIPLE="3"/>
        <STEP NAME="PHYSICAL_MEMORY" GREATER_THAN="256" ATMOST="512" UNIT="MB" MULTIPLE="2"/>
        <STEP NAME="PHYSICAL_MEMORY" GREATER_THAN="512" ATMOST="2048" UNIT="MB" MULTIPLE="1.5"/>
        <STEP NAME="PHYSICAL_MEMORY" GREATER_THAN="2048" ATMOST="8192" UNIT="MB" MULTIPLE="1"/>
        <STEP NAME="PHYSICAL_MEMORY" GREATER_THAN="8192" UNIT="MB" MULTIPLE="0.75"/>
      </SWAP_SIZE>
    </MEMORY>
  </SYSTEM> 
  <CERTIFIED_SYSTEMS>
<OPERATING_SYSTEM>
    <VERSION VALUE="7"/>
    <ARCHITECTURE VALUE="x86_64"/>
    <NAME VALUE="Linux"/>
    <VENDOR VALUE="oracle"/>
    <GLIBC ATLEAST="2.17">
    </GLIBC>
    <PACKAGES>
	  <PACKAGE NAME="binutils" VERSION="2.23.52.0.1" />
	  <PACKAGE NAME="compat-libcap1" VERSION="1.10" />
	  <PACKAGE NAME="compat-libstdc++-33" VERSION="3.2.3"  ARCHITECTURE="x86_64"/>
	  <PACKAGE NAME="libgcc" VERSION="4.8.2"  ARCHITECTURE="x86_64"/>
	  <PACKAGE NAME="libstdc++" VERSION="4.8.2"  ARCHITECTURE="x86_64"/>
	  <PACKAGE NAME="libstdc++-devel" VERSION="4.8.2"  ARCHITECTURE="x86_64"/>
	  <PACKAGE NAME="sysstat" VERSION="10.1.5" />
	  <PACKAGE NAME="gcc" VERSION="4.8.2" />
	  <PACKAGE NAME="gcc-c++" VERSION="4.8.2" />
	  <PACKAGE NAME="ksh" VERSION="..." />
	  <PACKAGE NAME="make" VERSION="3.82" />
	  <PACKAGE NAME="glibc" VERSION="2.17" ARCHITECTURE="x86_64"/>
	  <PACKAGE NAME="glibc-devel" VERSION="2.17"  ARCHITECTURE="x86_64"/>
	  <PACKAGE NAME="libaio" VERSION="0.3.109"  ARCHITECTURE="x86_64"/>
	  <PACKAGE NAME="libaio-devel" VERSION="0.3.109"  ARCHITECTURE="x86_64"/>
	</PACKAGES>
    <KERNEL>
      <PROPERTY NAME="VERSION" VALUE="3.8.0"/>
      <PROPERTY NAME="hardnofiles" VALUE="4096"/>
      <PROPERTY NAME="softnofiles" VALUE="4096"/>
    </KERNEL>
</OPERATING_SYSTEM>
<OPERATING_SYSTEM>
    <VERSION VALUE="7"/>
    <ARCHITECTURE VALUE="x86_64"/>
    <NAME VALUE="Linux"/>
    <VENDOR VALUE="redhat"/>
    <GLIBC ATLEAST="2.17">
    </GLIBC>
  <PACKAGES>
	<PACKAGE NAME="binutils" VERSION="2.23.52.0.1" />
	<PACKAGE NAME="compat-libcap1" VERSION="1.10" />
	<PACKAGE NAME="compat-libstdc++-33" VERSION="3.2.3"  ARCHITECTURE="x86_64"/>
	<PACKAGE NAME="libgcc" VERSION="4.8.2"  ARCHITECTURE="x86_64"/>
	<PACKAGE NAME="libstdc++" VERSION="4.8.2"  ARCHITECTURE="x86_64"/>
	<PACKAGE NAME="libstdc++-devel" VERSION="4.8.2"  ARCHITECTURE="x86_64"/>
	<PACKAGE NAME="sysstat" VERSION="10.1.5" />
	<PACKAGE NAME="gcc" VERSION="4.8.2" />
	<PACKAGE NAME="gcc-c++" VERSION="4.8.2" />
	<PACKAGE NAME="ksh" VERSION="..." />
	<PACKAGE NAME="make" VERSION="3.82" />
	<PACKAGE NAME="glibc" VERSION="2.17"  ARCHITECTURE="x86_64"/>
	<PACKAGE NAME="glibc-devel" VERSION="2.17"  ARCHITECTURE="x86_64"/>
	<PACKAGE NAME="libaio" VERSION="0.3.109"  ARCHITECTURE="x86_64"/>
	<PACKAGE NAME="libaio-devel" VERSION="0.3.109"  ARCHITECTURE="x86_64"/>
  </PACKAGES>
  <KERNEL>
	<PROPERTY NAME="VERSION" VALUE="3.10.0"/>
	<PROPERTY NAME="hardnofiles" VALUE="4096"/>
	<PROPERTY NAME="softnofiles" VALUE="4096"/>
  </KERNEL>
</OPERATING_SYSTEM>

<OPERATING_SYSTEM>
    <VERSION VALUE="6"/>
    <ARCHITECTURE VALUE="x86_64"/>
    <NAME VALUE="Linux"/>
    <VENDOR VALUE="redhat"/>
    <GLIBC ATLEAST="2.12">
    </GLIBC>
 <PACKAGES>
  <PACKAGE NAME="binutils" VALUE="2.20.51.0.2"/>
  <PACKAGE NAME="compat-libcap1" VALUE="1.10"/>
  <PACKAGE NAME="compat-libstdc++-33" VALUE="3.2.3" ARCHITECTURE="x86_64"/>
  <PACKAGE NAME="libgcc" VALUE="4.4.4"  ARCHITECTURE="x86_64"/>
  <PACKAGE NAME="libstdc++" VALUE="4.4.4"  ARCHITECTURE="x86_64"/>
  <PACKAGE NAME="libstdc++-devel" VALUE="4.4.4"  ARCHITECTURE="x86_64"/>
  <PACKAGE NAME="sysstat" VALUE="9.0.4" />
  <PACKAGE NAME="gcc" VALUE="4.4.4" />
  <PACKAGE NAME="gcc-c++" VALUE="4.4.4" />                                        
  <PACKAGE NAME="make" VALUE="3.81" />
  <PACKAGE NAME="glibc" VALUE="2.12" ARCHITECTURE="x86_64"/>
  <PACKAGE NAME="glibc-devel" VALUE="2.12"  ARCHITECTURE="x86_64"/>
  <PACKAGE NAME="libaio" VALUE="0.3.107"  ARCHITECTURE="x86_64"/>
  <PACKAGE NAME="libaio-devel" VALUE="0.3.107"  ARCHITECTURE="x86_64"/>
</PACKAGES>
<KERNEL>
      <PROPERTY NAME="VERSION" VALUE="2.6.32"/>
      <PROPERTY NAME="hardnofiles" VALUE="4096"/>
      <PROPERTY NAME="softnofiles" VALUE="4096"/>
</KERNEL>
</OPERATING_SYSTEM>
  <OPERATING_SYSTEM>
      <VERSION VALUE="6"/>
      <ARCHITECTURE VALUE="x86_64"/>
      <NAME VALUE="Linux"/>
      <VENDOR VALUE="oracle"/>
      <GLIBC ATLEAST="2.12-1.7.el6">
      </GLIBC>
      <PACKAGES>
          <PACKAGE NAME="binutils" VERSION="2.20.51.0.2-5.11.el6" ARCHITECTURE="x86_64" />
          <PACKAGE NAME="compat-libcap1" VERSION="1.10-1" ARCHITECTURE="x86_64" />
          <PACKAGE NAME="compat-libstdc++-33" VERSION="3.2.3-69.el6" ARCHITECTURE="x86_64" />
          <PACKAGE NAME="compat-libstdc++-33" VERSION="3.2.3-69.el6"  ARCHITECTURE="i686" />
		  <PACKAGE NAME="libgcc" VERSION="4.4.4-13.el6" ARCHITECTURE="i686" />
          <PACKAGE NAME="libgcc" VERSION="4.4.4-13.el6" ARCHITECTURE="x86_64" />
          <PACKAGE NAME="libstdc++" VERSION="4.4.4-13.el6" ARCHITECTURE="x86_64" />
          <PACKAGE NAME="libstdc++" VERSION="4.4.4-13.el6" ARCHITECTURE="i686"/>
          <PACKAGE NAME="libstdc++-devel" VERSION="4.4.4-13.el6" ARCHITECTURE="x86_64" />
<!--      <PACKAGE NAME="libstdc++-devel" VERSION="4.4.4-13.el6.i686" /> -->
          <PACKAGE NAME="sysstat" VERSION="9.0.4-11.el6" ARCHITECTURE="x86_64" />
          <PACKAGE NAME="gcc" VERSION="4.4.4-13.el6" ARCHITECTURE="x86_64" />
          <PACKAGE NAME="gcc-c++" VERSION="4.4.4-13.el6" ARCHITECTURE="x86_64" />
          <PACKAGE NAME="glibc" VERSION="2.12-1.7.el6" ARCHITECTURE="i686" />
          <PACKAGE NAME="glibc" VERSION="2.12-1.7.el6" ARCHITECTURE="x86_64" />
          <PACKAGE NAME="glibc-devel" VERSION="2.12-1.7.el6" ARCHITECTURE="x86_64" />
          <PACKAGE NAME="glibc-devel" VERSION="2.12-1.7.el6" />
          <PACKAGE NAME="libaio" VERSION="0.3.107-10.el6" ARCHITECTURE="x86_64" />
<!--    <PACKAGE NAME="libaio" VERSION="0.3.107-10.el6.i686" /> -->
          <PACKAGE NAME="libaio-devel" VERSION="0.3.107-10.el6" ARCHITECTURE="x86_64" />
<!--      <PACKAGE NAME="libaio-devel" VERSION="0.3.107-10.el6.i686" /> -->
      </PACKAGES>
      <KERNEL>
              <PROPERTY NAME="VERSION" VALUE="2.6.32-100.28.5.el6"/>
              <PROPERTY NAME="hardnofiles" VALUE="4096"/>
              <PROPERTY NAME="softnofiles" VALUE="4096"/>
      </KERNEL>
    </OPERATING_SYSTEM>
  <OPERATING_SYSTEM>
      <VERSION VALUE="5"/>
      <ARCHITECTURE VALUE="x86_64"/>
      <NAME VALUE="Linux"/>
      <VENDOR VALUE="oracle"/>
      <GLIBC ATLEAST="2.5-12">
      </GLIBC>
      <PACKAGES>
              <PACKAGE NAME="binutils" VERSION="2.17.50.0.6" />
	      <PACKAGE NAME="compat-libstdc++-33" VERSION="3.2.3" ARCHITECTURE="x86_64" />
	      <PACKAGE NAME="compat-libstdc++-33" VERSION="3.2.3" ARCHITECTURE="i386" />
              <PACKAGE NAME="elfutils-libelf" VERSION="0.125" />
              <PACKAGE NAME="elfutils-libelf-devel" VERSION="0.125" />
              <PACKAGE NAME="gcc" VERSION="4.1.1" />
              <PACKAGE NAME="gcc-c++" VERSION="4.1.1" />
              <PACKAGE NAME="glibc" VERSION="2.5-12" ARCHITECTURE="x86_64" />
              <PACKAGE NAME="glibc" VERSION="2.5-12" ARCHITECTURE="i686" />
              <PACKAGE NAME="glibc-common" VERSION="2.5" />
              <PACKAGE NAME="glibc-devel" VERSION="2.5" ARCHITECTURE="x86_64" />
	      <PACKAGE NAME="glibc-devel" VERSION="2.5-12" ARCHITECTURE="i386" />
	      <PACKAGE NAME="libaio" VERSION="0.3.106" ARCHITECTURE="x86_64" />
	      <PACKAGE NAME="libaio" VERSION="0.3.106" ARCHITECTURE="i386" />
              <PACKAGE NAME="libaio-devel" VERSION="0.3.106" />
	      <PACKAGE NAME="libgcc" VERSION="4.1.1" ARCHITECTURE="x86_64" />
	      <PACKAGE NAME="libgcc" VERSION="4.1.1" ARCHITECTURE="i386" />
	      <PACKAGE NAME="libstdc++" VERSION="4.1.1" ARCHITECTURE="x86_64" /> 
	      <PACKAGE NAME="libstdc++" VERSION="4.1.1" ARCHITECTURE="i386" />
	      <PACKAGE NAME="libstdc++-devel" VERSION="4.1.1" />
	      <PACKAGE NAME="make" VERSION="3.81" />
	      <PACKAGE NAME="sysstat" VERSION="7.0.0" />
      </PACKAGES>
      <KERNEL>
              <PROPERTY NAME="VERSION" VALUE="2.6.18"/>
              <PROPERTY NAME="hardnofiles" VALUE="4096"/> 
              <PROPERTY NAME="softnofiles" VALUE="4096"/> 
      </KERNEL>
    </OPERATING_SYSTEM>
    <OPERATING_SYSTEM>
      <VERSION VALUE="5.4"/>
      <ARCHITECTURE VALUE="x86"/>
      <NAME VALUE="Linux"/>
      <VENDOR VALUE="enterprise"/>
      <GLIBC ATLEAST="2.5-12"> 
      </GLIBC>
      <PACKAGES>
              <PACKAGE NAME="binutils" VERSION="2.17.50.0.6" />
	      <PACKAGE NAME="compat-libstdc++-33" VERSION="3.2.3" ARCHITECTURE="x86_64" />
	      <PACKAGE NAME="compat-libstdc++-33" VERSION="3.2.3" ARCHITECTURE="i386" />
              <PACKAGE NAME="elfutils-libelf" VERSION="0.125" />
              <PACKAGE NAME="elfutils-libelf-devel" VERSION="0.125" />
              <PACKAGE NAME="gcc" VERSION="4.1.1" />
              <PACKAGE NAME="gcc-c++" VERSION="4.1.1" />
              <PACKAGE NAME="glibc" VERSION="2.5-12" ARCHITECTURE="x86_64" />
              <PACKAGE NAME="glibc" VERSION="2.5-12" ARCHITECTURE="i686" />
              <PACKAGE NAME="glibc-common" VERSION="2.5" />
              <PACKAGE NAME="glibc-devel" VERSION="2.5" ARCHITECTURE="x86_64" />
	      <PACKAGE NAME="glibc-devel" VERSION="2.5-12" ARCHITECTURE="i386" />
	      <PACKAGE NAME="libaio" VERSION="0.3.106" ARCHITECTURE="x86_64" />
	      <PACKAGE NAME="libaio" VERSION="0.3.106" ARCHITECTURE="i386" />
              <PACKAGE NAME="libaio-devel" VERSION="0.3.106" />
	      <PACKAGE NAME="libgcc" VERSION="4.1.1" ARCHITECTURE="x86_64" />
	      <PACKAGE NAME="libgcc" VERSION="4.1.1" ARCHITECTURE="i386" />
	      <PACKAGE NAME="libstdc++" VERSION="4.1.1" ARCHITECTURE="x86_64" /> 
	      <PACKAGE NAME="libstdc++" VERSION="4.1.1" ARCHITECTURE="i386" />
	      <PACKAGE NAME="libstdc++-devel" VERSION="4.1.1" />
	      <PACKAGE NAME="make" VERSION="3.81" />
	      <PACKAGE NAME="sysstat" VERSION="7.0.0" />
      </PACKAGES>
      <KERNEL>
<!--
              <PROPERTY NAME="semmsl" NAME2="semmsl2" VALUE="250" />
              <PROPERTY NAME="semmns" VALUE="32000" />
              <PROPERTY NAME="semopm" VALUE="100" />
              <PROPERTY NAME="semmni" VALUE="128" />
              <PROPERTY NAME="shmmax" VALUE="536870912" />
              <PROPERTY NAME="shmmni" VALUE="4096" />
              <PROPERTY NAME="shmall" VALUE="2097152" />
              <PROPERTY NAME="file-max" VALUE="65536" />
              <PROPERTY NAME="ip_local_port_range" ATLEAST="1024" ATMOST="65000" />
              <PROPERTY NAME="rmem_default" VALUE="4194304" />
              <PROPERTY NAME="rmem_max" VALUE="4194304" />
              <PROPERTY NAME="wmem_default" VALUE="262144" />
              <PROPERTY NAME="wmem_max" VALUE="262144" />
-->
              <PROPERTY NAME="VERSION" VALUE="2.6.18"/>
              <PROPERTY NAME="hardnofiles" VALUE="4096"/> 
              <PROPERTY NAME="softnofiles" VALUE="4096"/> 
      </KERNEL>
    </OPERATING_SYSTEM>
    <OPERATING_SYSTEM>
      <VERSION VALUE="4"/>
      <ARCHITECTURE VALUE="x86"/>
      <NAME VALUE="Linux"/>
      <VENDOR VALUE="enterprise"/>
      <GLIBC ATLEAST="2.3.4-2.19"> 
      </GLIBC>
      <PACKAGES>
              <PACKAGE NAME="binutils" VERSION="2.15.92.0.2" />
	      <PACKAGE NAME="compat-libstdc++-33" VERSION="3.2.3" ARCHITECTURE="x86_64" />
	      <PACKAGE NAME="compat-libstdc++-33" VERSION="3.2.3" ARCHITECTURE="i386" />
              <PACKAGE NAME="elfutils-libelf" VERSION="0.97" />
              <PACKAGE NAME="elfutils-libelf-devel" VERSION="0.97" />
              <PACKAGE NAME="gcc" VERSION="3.4.5" />
              <PACKAGE NAME="gcc-c++" VERSION="3.4.5" />
              <PACKAGE NAME="glibc" VERSION="2.3.4-2.19" ARCHITECTURE="x86_64" />
              <PACKAGE NAME="glibc" VERSION="2.3.4-2.19" ARCHITECTURE="i686" />
              <PACKAGE NAME="glibc-common" VERSION="2.3.4" />
	      <PACKAGE NAME="glibc-devel" VERSION="2.3.4" ARCHITECTURE="x86_64" />
	      <PACKAGE NAME="glibc-devel" VERSION="2.3.4" ARCHITECTURE="i386" />
	      <PACKAGE NAME="libaio" VERSION="0.3.105" ARCHITECTURE="x86_64" />
	      <PACKAGE NAME="libaio" VERSION="0.3.105" ARCHITECTURE="i386" />
              <PACKAGE NAME="libaio-devel" VERSION="0.3.105" />
	      <PACKAGE NAME="libgcc" VERSION="3.4.5" ARCHITECTURE="x86_64" />
	      <PACKAGE NAME="libgcc" VERSION="3.4.5" ARCHITECTURE="i386" />
	      <PACKAGE NAME="libstdc++" VERSION="3.4.5" ARCHITECTURE="x86_64" />
	      <PACKAGE NAME="libstdc++" VERSION="3.4.5" ARCHITECTURE="i386" />
	      <PACKAGE NAME="libstdc++-devel" VERSION="3.4.5" />
	      <PACKAGE NAME="make" VERSION="3.80" />
	      <PACKAGE NAME="sysstat" VERSION="5.0.5" />
		  <PACKAGE NAME="libaio" VERSION="0.3.105" /> 
          <PACKAGE NAME="libaio-devel" VERSION="0.3.105" />
      </PACKAGES>
      <KERNEL>
<!--
              <PROPERTY NAME="semmsl" NAME2="semmsl2" VALUE="250" />
              <PROPERTY NAME="semmns" VALUE="32000" />
              <PROPERTY NAME="semopm" VALUE="100" />
              <PROPERTY NAME="semmni" VALUE="128" />
              <PROPERTY NAME="shmmax" VALUE="536870912" />
              <PROPERTY NAME="shmmni" VALUE="4096" />
              <PROPERTY NAME="shmall" VALUE="2097152" />
              <PROPERTY NAME="file-max" VALUE="65536" />
              <PROPERTY NAME="ip_local_port_range" ATLEAST="1024" ATMOST="65000" />
              <PROPERTY NAME="rmem_default" VALUE="4194304" />
              <PROPERTY NAME="rmem_max" VALUE="4194304" />
              <PROPERTY NAME="wmem_default" VALUE="262144" />
              <PROPERTY NAME="wmem_max" VALUE="262144" />
-->
              <PROPERTY NAME="VERSION" VALUE="2.6.9"/>
              <PROPERTY NAME="hardnofiles" VALUE="4096"/> 
              <PROPERTY NAME="softnofiles" VALUE="4096"/> 
      </KERNEL>
    </OPERATING_SYSTEM>
    <OPERATING_SYSTEM>
      <VERSION VALUE="5"/>
      <ARCHITECTURE VALUE="x86"/>
      <NAME VALUE="Linux"/>
      <VENDOR VALUE="enterprise"/>
      <GLIBC ATLEAST="2.5-12"> 
      </GLIBC>
      <PACKAGES>
              <PACKAGE NAME="binutils" VERSION="2.17.50.0.6" />
	      <PACKAGE NAME="compat-libstdc++-33" VERSION="3.2.3" ARCHITECTURE="x86_64" />
	      <PACKAGE NAME="compat-libstdc++-33" VERSION="3.2.3" ARCHITECTURE="i386" />
              <PACKAGE NAME="elfutils-libelf" VERSION="0.125" />
              <PACKAGE NAME="elfutils-libelf-devel" VERSION="0.125" />
              <PACKAGE NAME="gcc" VERSION="4.1.1" />
              <PACKAGE NAME="gcc-c++" VERSION="4.1.1" />
              <PACKAGE NAME="glibc" VERSION="2.5-12" ARCHITECTURE="x86_64" />
              <PACKAGE NAME="glibc" VERSION="2.5-12" ARCHITECTURE="i686" />
              <PACKAGE NAME="glibc-common" VERSION="2.5" />
              <PACKAGE NAME="glibc-devel" VERSION="2.5" ARCHITECTURE="x86_64" />
	      <PACKAGE NAME="glibc-devel" VERSION="2.5-12" ARCHITECTURE="i386" />
	      <PACKAGE NAME="libaio" VERSION="0.3.106" ARCHITECTURE="x86_64" />
	      <PACKAGE NAME="libaio" VERSION="0.3.106" ARCHITECTURE="i386" />
              <PACKAGE NAME="libaio-devel" VERSION="0.3.106" />
	      <PACKAGE NAME="libgcc" VERSION="4.1.1" ARCHITECTURE="x86_64" />
	      <PACKAGE NAME="libgcc" VERSION="4.1.1" ARCHITECTURE="i386" />
	      <PACKAGE NAME="libstdc++" VERSION="4.1.1" ARCHITECTURE="x86_64" /> 
	      <PACKAGE NAME="libstdc++" VERSION="4.1.1" ARCHITECTURE="i386" />
	      <PACKAGE NAME="libstdc++-devel" VERSION="4.1.1" />
	      <PACKAGE NAME="make" VERSION="3.81" />
	      <PACKAGE NAME="sysstat" VERSION="7.0.0" />
      </PACKAGES>
      <KERNEL>
<!--
              <PROPERTY NAME="semmsl" NAME2="semmsl2" VALUE="250" />
              <PROPERTY NAME="semmns" VALUE="32000" />
              <PROPERTY NAME="semopm" VALUE="100" />
              <PROPERTY NAME="semmni" VALUE="128" />
              <PROPERTY NAME="shmmax" VALUE="536870912" />
              <PROPERTY NAME="shmmni" VALUE="4096" />
              <PROPERTY NAME="shmall" VALUE="2097152" />
              <PROPERTY NAME="file-max" VALUE="65536" />
              <PROPERTY NAME="ip_local_port_range" ATLEAST="1024" ATMOST="65000" />
              <PROPERTY NAME="rmem_default" VALUE="4194304" />
              <PROPERTY NAME="rmem_max" VALUE="4194304" />
              <PROPERTY NAME="wmem_default" VALUE="262144" />
              <PROPERTY NAME="wmem_max" VALUE="262144" />
-->
              <PROPERTY NAME="VERSION" VALUE="2.6.18"/>
              <PROPERTY NAME="hardnofiles" VALUE="4096"/> 
              <PROPERTY NAME="softnofiles" VALUE="4096"/> 
      </KERNEL>
    </OPERATING_SYSTEM>
    <OPERATING_SYSTEM>
      <VERSION VALUE="5.4"/>
      <ARCHITECTURE VALUE="x86"/>
      <NAME VALUE="Linux"/>
      <VENDOR VALUE="redhat"/>
      <GLIBC ATLEAST="2.5-12"> 
      </GLIBC>
      <PACKAGES>
              <PACKAGE NAME="binutils" VERSION="2.17.50.0.6" />
	      <PACKAGE NAME="compat-libstdc++-33" VERSION="3.2.3" ARCHITECTURE="x86_64" />
	      <PACKAGE NAME="compat-libstdc++-33" VERSION="3.2.3" ARCHITECTURE="i386" />
              <PACKAGE NAME="elfutils-libelf" VERSION="0.125" />
              <PACKAGE NAME="elfutils-libelf-devel" VERSION="0.125" />
              <PACKAGE NAME="gcc" VERSION="4.1.1" />
              <PACKAGE NAME="gcc-c++" VERSION="4.1.1" />
              <PACKAGE NAME="glibc" VERSION="2.5-12" ARCHITECTURE="x86_64" />
              <PACKAGE NAME="glibc" VERSION="2.5-12" ARCHITECTURE="i686" />
              <PACKAGE NAME="glibc-common" VERSION="2.5" />
              <PACKAGE NAME="glibc-devel" VERSION="2.5" ARCHITECTURE="x86_64" />
	      <PACKAGE NAME="glibc-devel" VERSION="2.5-12" ARCHITECTURE="i386" />
	      <PACKAGE NAME="libaio" VERSION="0.3.106" ARCHITECTURE="x86_64" />
	      <PACKAGE NAME="libaio" VERSION="0.3.106" ARCHITECTURE="i386" />
              <PACKAGE NAME="libaio-devel" VERSION="0.3.106" />
	      <PACKAGE NAME="libgcc" VERSION="4.1.1" ARCHITECTURE="x86_64" />
	      <PACKAGE NAME="libgcc" VERSION="4.1.1" ARCHITECTURE="i386" />
	      <PACKAGE NAME="libstdc++" VERSION="4.1.1" ARCHITECTURE="x86_64" /> 
	      <PACKAGE NAME="libstdc++" VERSION="4.1.1" ARCHITECTURE="i386" />
	      <PACKAGE NAME="libstdc++-devel" VERSION="4.1.1" />
	      <PACKAGE NAME="make" VERSION="3.81" />
	      <PACKAGE NAME="sysstat" VERSION="7.0.0" />
      </PACKAGES>
      <KERNEL>
<!--
              <PROPERTY NAME="semmsl" NAME2="semmsl2" VALUE="250" />
              <PROPERTY NAME="semmns" VALUE="32000" />
              <PROPERTY NAME="semopm" VALUE="100" />
              <PROPERTY NAME="semmni" VALUE="128" />
              <PROPERTY NAME="shmmax" VALUE="536870912" />
              <PROPERTY NAME="shmmni" VALUE="4096" />
              <PROPERTY NAME="shmall" VALUE="2097152" />
              <PROPERTY NAME="file-max" VALUE="65536" />
              <PROPERTY NAME="ip_local_port_range" ATLEAST="1024" ATMOST="65000" />
              <PROPERTY NAME="rmem_default" VALUE="4194304" />
              <PROPERTY NAME="rmem_max" VALUE="4194304" />
              <PROPERTY NAME="wmem_default" VALUE="262144" />
              <PROPERTY NAME="wmem_max" VALUE="262144" />
-->
              <PROPERTY NAME="VERSION" VALUE="2.6.18"/>
              <PROPERTY NAME="hardnofiles" VALUE="4096"/> 
              <PROPERTY NAME="softnofiles" VALUE="4096"/> 
      </KERNEL>
    </OPERATING_SYSTEM>
    <OPERATING_SYSTEM>
      <VERSION VALUE="4"/>
      <ARCHITECTURE VALUE="x86"/>
      <NAME VALUE="Linux"/>
      <VENDOR VALUE="redhat"/>
      <GLIBC ATLEAST="2.3.4-2.19"> 
      </GLIBC>
      <PACKAGES>
              <PACKAGE NAME="binutils" VERSION="2.15.92.0.2" />
	      <PACKAGE NAME="compat-libstdc++-33" VERSION="3.2.3" ARCHITECTURE="x86_64" />
	      <PACKAGE NAME="compat-libstdc++-33" VERSION="3.2.3" ARCHITECTURE="i386" />
              <PACKAGE NAME="elfutils-libelf" VERSION="0.97" />
              <PACKAGE NAME="elfutils-libelf-devel" VERSION="0.97" />
              <PACKAGE NAME="gcc" VERSION="3.4.5" />
              <PACKAGE NAME="gcc-c++" VERSION="3.4.5" />
              <PACKAGE NAME="glibc" VERSION="2.3.4-2.19" ARCHITECTURE="x86_64" />
              <PACKAGE NAME="glibc" VERSION="2.3.4-2.19" ARCHITECTURE="i686" />
              <PACKAGE NAME="glibc-common" VERSION="2.3.4" />
	      <PACKAGE NAME="glibc-devel" VERSION="2.3.4" ARCHITECTURE="x86_64" />
	      <PACKAGE NAME="glibc-devel" VERSION="2.3.4" ARCHITECTURE="i386" />
	      <PACKAGE NAME="libaio" VERSION="0.3.105" ARCHITECTURE="x86_64" />
	      <PACKAGE NAME="libaio" VERSION="0.3.105" ARCHITECTURE="i386" />
              <PACKAGE NAME="libaio-devel" VERSION="0.3.105" />
	      <PACKAGE NAME="libgcc" VERSION="3.4.5" ARCHITECTURE="x86_64" />
	      <PACKAGE NAME="libgcc" VERSION="3.4.5" ARCHITECTURE="i386" />
	      <PACKAGE NAME="libstdc++" VERSION="3.4.5" ARCHITECTURE="x86_64" />
	      <PACKAGE NAME="libstdc++" VERSION="3.4.5" ARCHITECTURE="i386" />
	      <PACKAGE NAME="libstdc++-devel" VERSION="3.4.5" />
	      <PACKAGE NAME="make" VERSION="3.80" />
	      <PACKAGE NAME="sysstat" VERSION="5.0.5" />
		  <PACKAGE NAME="libaio" VERSION="0.3.105" /> 
          <PACKAGE NAME="libaio-devel" VERSION="0.3.105" />
      </PACKAGES>
      <KERNEL>
<!--
              <PROPERTY NAME="semmsl" NAME2="semmsl2" VALUE="250" />
              <PROPERTY NAME="semmns" VALUE="32000" />
              <PROPERTY NAME="semopm" VALUE="100" />
              <PROPERTY NAME="semmni" VALUE="128" />
              <PROPERTY NAME="shmmax" VALUE="536870912" />
              <PROPERTY NAME="shmmni" VALUE="4096" />
              <PROPERTY NAME="shmall" VALUE="2097152" />
              <PROPERTY NAME="file-max" VALUE="65536" />
              <PROPERTY NAME="ip_local_port_range" ATLEAST="1024" ATMOST="65000" />
              <PROPERTY NAME="rmem_default" VALUE="4194304" />
              <PROPERTY NAME="rmem_max" VALUE="4194304" />
              <PROPERTY NAME="wmem_default" VALUE="262144" />
              <PROPERTY NAME="wmem_max" VALUE="262144" />
-->
              <PROPERTY NAME="VERSION" VALUE="2.6.9"/>
              <PROPERTY NAME="hardnofiles" VALUE="4096"/> 
              <PROPERTY NAME="softnofiles" VALUE="4096"/> 
      </KERNEL>
    </OPERATING_SYSTEM>
    <OPERATING_SYSTEM>
      <VERSION VALUE="5"/>
      <ARCHITECTURE VALUE="x86"/>
      <NAME VALUE="Linux"/>
      <VENDOR VALUE="redhat"/>
      <GLIBC ATLEAST="2.5-12"> 
      </GLIBC>
      <PACKAGES>
              <PACKAGE NAME="binutils" VERSION="2.17.50.0.6" />
	      <PACKAGE NAME="compat-libstdc++-33" VERSION="3.2.3" ARCHITECTURE="x86_64" />
	      <PACKAGE NAME="compat-libstdc++-33" VERSION="3.2.3" ARCHITECTURE="i386" />
              <PACKAGE NAME="elfutils-libelf" VERSION="0.125" />
              <PACKAGE NAME="elfutils-libelf-devel" VERSION="0.125" />
              <PACKAGE NAME="gcc" VERSION="4.1.1" />
              <PACKAGE NAME="gcc-c++" VERSION="4.1.1" />
              <PACKAGE NAME="glibc" VERSION="2.5-12" ARCHITECTURE="x86_64" />
              <PACKAGE NAME="glibc" VERSION="2.5-12" ARCHITECTURE="i686" />
              <PACKAGE NAME="glibc-common" VERSION="2.5" />
              <PACKAGE NAME="glibc-devel" VERSION="2.5" ARCHITECTURE="x86_64" />
	      <PACKAGE NAME="glibc-devel" VERSION="2.5-12" ARCHITECTURE="i386" />
	      <PACKAGE NAME="libaio" VERSION="0.3.106" ARCHITECTURE="x86_64" />
	      <PACKAGE NAME="libaio" VERSION="0.3.106" ARCHITECTURE="i386" />
              <PACKAGE NAME="libaio-devel" VERSION="0.3.106" />
	      <PACKAGE NAME="libgcc" VERSION="4.1.1" ARCHITECTURE="x86_64" />
	      <PACKAGE NAME="libgcc" VERSION="4.1.1" ARCHITECTURE="i386" />
	      <PACKAGE NAME="libstdc++" VERSION="4.1.1" ARCHITECTURE="x86_64" /> 
	      <PACKAGE NAME="libstdc++" VERSION="4.1.1" ARCHITECTURE="i386" />
	      <PACKAGE NAME="libstdc++-devel" VERSION="4.1.1" />
	      <PACKAGE NAME="make" VERSION="3.81" />
	      <PACKAGE NAME="sysstat" VERSION="7.0.0" />
      </PACKAGES>
      <KERNEL>
<!--
              <PROPERTY NAME="semmsl" NAME2="semmsl2" VALUE="250" />
              <PROPERTY NAME="semmns" VALUE="32000" />
              <PROPERTY NAME="semopm" VALUE="100" />
              <PROPERTY NAME="semmni" VALUE="128" />
              <PROPERTY NAME="shmmax" VALUE="536870912" />
              <PROPERTY NAME="shmmni" VALUE="4096" />
              <PROPERTY NAME="shmall" VALUE="2097152" />
              <PROPERTY NAME="file-max" VALUE="65536" />
              <PROPERTY NAME="ip_local_port_range" ATLEAST="1024" ATMOST="65000" />
              <PROPERTY NAME="rmem_default" VALUE="4194304" />
              <PROPERTY NAME="rmem_max" VALUE="4194304" />
              <PROPERTY NAME="wmem_default" VALUE="262144" />
              <PROPERTY NAME="wmem_max" VALUE="262144" />
-->
              <PROPERTY NAME="VERSION" VALUE="2.6.18"/>
              <PROPERTY NAME="hardnofiles" VALUE="4096"/> 
              <PROPERTY NAME="softnofiles" VALUE="4096"/> 
      </KERNEL>
    </OPERATING_SYSTEM>
    <OPERATING_SYSTEM>
      <VERSION VALUE="10"/>
      <ARCHITECTURE VALUE="x86"/>
      <NAME VALUE="Linux"/>
      <VENDOR VALUE="SuSE"/>
      <GLIBC ATLEAST="2.4-31.2">
      </GLIBC>
      <PACKAGES>
              <PACKAGE NAME="binutils" VERSION="2.16.91.0.5" />
              <PACKAGE NAME="compat-libstdc++" VERSION="5.0.7-22.2" />
              <PACKAGE NAME="gcc" VERSION="4.1.0" />
              <PACKAGE NAME="gcc-c++" VERSION="4.1.0" />
              <PACKAGE NAME="glibc" VERSION="2.4-31.2" />
              <PACKAGE NAME="glibc-32bit" VERSION="2.4-31.2" />
              <PACKAGE NAME="glibc-devel" VERSION="2.4" />
              <PACKAGE NAME="glibc-devel-32bit" VERSION="2.4" />
              <PACKAGE NAME="libaio" VERSION="0.3.104" />
              <!-- <PACKAGE NAME="libaio-32bit" VERSION="0.3.104" /> -->
              <PACKAGE NAME="libaio-devel" VERSION="0.3.104" />
              <PACKAGE NAME="libelf" VERSION="0.8.5" />
              <PACKAGE NAME="libgcc" VERSION="4.1.0" />
	      <PACKAGE NAME="libstdc++" VERSION="4.1.0" />
	      <PACKAGE NAME="libstdc++-devel" VERSION="4.1.0" />
	      <PACKAGE NAME="make" VERSION="3.80" />
              <PACKAGE NAME="sysstat" VERSION="6.0.2" />
      </PACKAGES>
      <KERNEL>
<!--
              <PROPERTY NAME="semmsl" NAME2="semmsl2" VALUE="250" />
              <PROPERTY NAME="semmns" VALUE="32000" />
              <PROPERTY NAME="semopm" VALUE="100" />
              <PROPERTY NAME="semmni" VALUE="128" />
              <PROPERTY NAME="shmmax" VALUE="536870912" />
              <PROPERTY NAME="shmmni" VALUE="4096" />
              <PROPERTY NAME="shmall" VALUE="2097152" />
              <PROPERTY NAME="file-max" VALUE="65536" />
              <PROPERTY NAME="ip_local_port_range" ATLEAST="1024" ATMOST="65000" />
              <PROPERTY NAME="rmem_default" VALUE="4194304" />
              <PROPERTY NAME="rmem_max" VALUE="4194304" />
              <PROPERTY NAME="wmem_default" VALUE="262144" /> 
              <PROPERTY NAME="wmem_max" VALUE="262144" />
-->
              <PROPERTY NAME="VERSION" VALUE="2.6.16.21"/>
              <PROPERTY NAME="hardnofiles" VALUE="4096"/> 
              <PROPERTY NAME="softnofiles" VALUE="4096"/> 
      </KERNEL>
    </OPERATING_SYSTEM>
    <OPERATING_SYSTEM>
      <VERSION VALUE="11"/>
      <ARCHITECTURE VALUE="x86"/>
      <NAME VALUE="Linux"/>
      <VENDOR VALUE="SuSE"/>
      <GLIBC ATLEAST="2.9-13.2">
      </GLIBC>
      <PACKAGES>
			  <PACKAGE NAME="binutils" VERSION="2.19-11.28"/>
              <PACKAGE NAME="gcc" VERSION="4.3-62.198"/>
              <PACKAGE NAME="gcc-c++" VERSION="4.3-62.198"/>
              <PACKAGE NAME="glibc" VERSION="2.9-13.2"/>
              <PACKAGE NAME="glibc-32bit" VERSION="2.9-13.2"/>
              <PACKAGE NAME="glibc-devel" VERSION="2.9"/>
              <PACKAGE NAME="glibc-devel-32bit" VERSION="2.9-13.2"/>
              <PACKAGE NAME="libaio" VERSION="0.3.104-140.22"/>
              <PACKAGE NAME="libaio-devel" VERSION="0.3.104-140.22"/>
              <PACKAGE NAME="libgcc43" VERSION="4.3.3_20081022"/>
              <PACKAGE NAME="libstdc++43" VERSION="4.3.3_20081022-11.18"/>
              <PACKAGE NAME="libstdc++43-devel" VERSION="4.3.3_20081022-11.18"/>
              <PACKAGE NAME="make" VERSION="3.81"/>
			  <PACKAGE NAME="sysstat" VERSION="8.1.5-7.8"/>
			  <PACKAGE NAME="gcc-32bit" VERSION="4.3" />
			  <PACKAGE NAME="ksh" VERSION="93t" />
			  <PACKAGE NAME="libaio-32bit" VERSION="0.3.104" />
			  <PACKAGE NAME="libaio-devel-32bit" VERSION="0.3.104" />
			  <PACKAGE NAME="libstdc++33" VERSION="3.3.3" />
			  <PACKAGE NAME="libstdc++33-32bit" VERSION="3.3.3" />
			  <PACKAGE NAME="libstdc++43-32bit" VERSION="4.3.3_20081022" />
			  <PACKAGE NAME="libstdc++43-devel-32bit" VERSION="4.3.3_20081022" />
			  <PACKAGE NAME="libstdc++-devel" VERSION="4.3" />
      </PACKAGES>
      <KERNEL>
              <PROPERTY NAME="VERSION" VALUE="2.6.27.19-5-default"/>
              <PROPERTY NAME="hardnofiles" VALUE="4096"/> 
              <PROPERTY NAME="softnofiles" VALUE="4096"/> 
      </KERNEL>
    </OPERATING_SYSTEM>
<!--    <OPERATING_SYSTEM>
      <VERSION VALUE="2"/>
      <ARCHITECTURE VALUE="x86"/>
      <NAME VALUE="Linux"/>
      <VENDOR VALUE="asianux"/>
      <GLIBC ATLEAST="2.3.4-2.19"> 
      </GLIBC>
      <PACKAGES>
	      <PACKAGE NAME="make" VERSION="3.80" />
	      <PACKAGE NAME="binutils" VERSION="2.15.92.0.2" />
	      <PACKAGE NAME="gcc" VERSION="3.4.5" />
	      <PACKAGE NAME="libaio" VERSION="0.3.105" />
              <PACKAGE NAME="elfutils-libelf-devel" VERSION="0.97" />
              <PACKAGE NAME="libaio-devel" VERSION="0.3.105" />
	      <PACKAGE NAME="libstdc++" VERSION="3.4.5" />
              <PACKAGE NAME="sysstat" VERSION="5.0.5" />
	      <PACKAGE NAME="libgcc" VERSION="3.4.5" />
	      <PACKAGE NAME="libstdc++-devel" VERSION="3.4.5" />
	      <PACKAGE NAME="unixODBC" VERSION="2.2.11" />
              <PACKAGE NAME="unixODBC-devel" VERSION="2.2.11" />
      </PACKAGES>
      <KERNEL> -->
<!--
              <PROPERTY NAME="semmsl" NAME2="semmsl2" VALUE="250" />
              <PROPERTY NAME="semmns" VALUE="32000" />
              <PROPERTY NAME="semopm" VALUE="100" />
              <PROPERTY NAME="semmni" VALUE="128" />
              <PROPERTY NAME="shmmax" VALUE="536870912" />
              <PROPERTY NAME="shmmni" VALUE="4096" />
              <PROPERTY NAME="shmall" VALUE="2097152" />
              <PROPERTY NAME="file-max" VALUE="65536" />
              <PROPERTY NAME="ip_local_port_range" ATLEAST="1024" ATMOST="65000" />
              <PROPERTY NAME="rmem_default" VALUE="4194304" />
              <PROPERTY NAME="rmem_max" VALUE="4194304" />
              <PROPERTY NAME="wmem_default" VALUE="262144" />
              <PROPERTY NAME="wmem_max" VALUE="262144" />
-->
<!--              <PROPERTY NAME="VERSION" VALUE="2.6.9" />
      </KERNEL>
    </OPERATING_SYSTEM> -->
<!--    <OPERATING_SYSTEM>
      <VERSION VALUE="3"/>
      <ARCHITECTURE VALUE="x86"/>
      <NAME VALUE="Linux"/>
      <VENDOR VALUE="asianux"/>
      <GLIBC ATLEAST="2.5-12">
      </GLIBC>
      <PACKAGES>
	      <PACKAGE NAME="make" VERSION="3.81" />
	      <PACKAGE NAME="binutils" VERSION="2.17.50.0.6" />
	      <PACKAGE NAME="gcc" VERSION="4.1.1" />
	      <PACKAGE NAME="libaio" VERSION="0.3.106" />
              <PACKAGE NAME="elfutils-libelf-devel" VERSION="0.125" />
              <PACKAGE NAME="libaio-devel" VERSION="0.3.106" />
	      <PACKAGE NAME="libstdc++" VERSION="4.1.1" />
              <PACKAGE NAME="sysstat" VERSION="7.0.0" />
	      <PACKAGE NAME="compat-libstdc++-33" VERSION="3.2.3" />
	      <PACKAGE NAME="libgcc" VERSION="4.1.1" />
	      <PACKAGE NAME="libstdc++-devel" VERSION="4.1.1" />
	      <PACKAGE NAME="unixODBC" VERSION="2.2.11" />
              <PACKAGE NAME="unixODBC-devel" VERSION="2.2.11" />
      </PACKAGES>
      <KERNEL> -->
<!--
              <PROPERTY NAME="semmsl" NAME2="semmsl2" VALUE="250" />
              <PROPERTY NAME="semmns" VALUE="32000" />
              <PROPERTY NAME="semopm" VALUE="100" />
              <PROPERTY NAME="semmni" VALUE="128" />
              <PROPERTY NAME="shmmax" VALUE="536870912" />
              <PROPERTY NAME="shmmni" VALUE="4096" />
              <PROPERTY NAME="shmall" VALUE="2097152" />
              <PROPERTY NAME="file-max" VALUE="65536" />
              <PROPERTY NAME="ip_local_port_range" ATLEAST="1024" ATMOST="65000" />
              <PROPERTY NAME="rmem_default" VALUE="4194304" />
              <PROPERTY NAME="rmem_max" VALUE="4194304" />
              <PROPERTY NAME="wmem_default" VALUE="262144" /> 
              <PROPERTY NAME="wmem_max" VALUE="262144" />
-->
<!--              <PROPERTY NAME="VERSION" VALUE="2.6.18" />
      </KERNEL>
    </OPERATING_SYSTEM> -->
  </CERTIFIED_SYSTEMS>
  <ORACLE_HOME>
    <COMPATIBILITY_MATRIX>
      <ALLOW>
        <NEW_HOME/>
      </ALLOW>   
      <DISALLOW>
        <COMP NAME="oracle.server" ATLEAST="8.1.0.0.0" ATMOST="9.2.0.9.0"/>
        <COMP NAME="oracle.server" ATLEAST="10.1.0.0.0" ATMOST="10.2.0.9.0"/>
        <COMP NAME="oracle.client" ATLEAST="8.1.0.0.0" ATMOST="9.2.0.9.0"/>
        <COMP NAME="oracle.iappserver.iapptop" ATLEAST="9.0.2.0.0" ATMOST="99.9.9.9.9"/>
        <COMP NAME="oracle.iappserver.infrastructure" ATLEAST="9.0.2.0.0" ATMOST="99.9.9.9.9"/>
        <COMP NAME="oracle.iappserver.devcorner " ATLEAST="9.0.2.0.0" ATMOST="99.9.9.9.9"/>
        <COMP NAME="oracle.ids.toplevel.development" ATLEAST="9.0.0.0.0" ATMOST="99.9.9.9.9"/>
        <COMP NAME="oracle.install.instcommon" ATLEAST="8.1.3.0.0" ATMOST="9.2.9.9.9"/>
        <COMP NAME="oracle.client" ATLEAST="10.1.0.0.0"/>
        <COMP NAME="oracle.crs" ATLEAST="10.1.0.0.0"/>
        <ORCA_HOME/> 
      </DISALLOW>     
    </COMPATIBILITY_MATRIX>
  </ORACLE_HOME>
</HOST>
