<?xml version='1.0' encoding='windows-1252'?>
<HOST PLATID="453">
  <SYSTEM>
      <MEMORY>
            <PHYSICAL_MEMORY VALUE="1024" UNIT="MB"/>
             <AVAILABLE_MEMORY VALUE="512" UNIT="MB"/>
              <SWAP_SIZE>
        <STEP NAME="PHYSICAL_MEMORY" ATLEAST="0" ATMOST="256" UNIT="MB" MULTIPLE="3"/>
        <STEP NAME="PHYSICAL_MEMORY" GREATER_THAN="256" ATMOST="512" UNIT="MB" MULTIPLE="2"/>
        <STEP NAME="PHYSICAL_MEMORY" GREATER_THAN="512" ATMOST="2048" UNIT="MB" MULTIPLE="1.5"/>
        <STEP NAME="PHYSICAL_MEMORY" GREATER_THAN="2048" ATMOST="8192" UNIT="MB" MULTIPLE="1"/>
        <STEP NAME="PHYSICAL_MEMORY" GREATER_THAN="8192" UNIT="MB" MULTIPLE="0.75"/>
        </SWAP_SIZE>
</MEMORY>
  </SYSTEM> 
  <CERTIFIED_SYSTEMS>
    <OPERATING_SYSTEM>
      <VERSION VALUE="5.9"/>
      <ARCHITECTURE VALUE="sparc"/>
      <NAME VALUE="SunOS"/>
      <VENDOR VALUE="Sun Microsystems Inc."/>
      <PACKAGES VALUE="SUNWarc,SUNWbtool,SUNWhea,SUNWlibC,SUNWlibm,SUNWlibms,SUNWsprot,SUNWtoo,SUNWi1of,SUNWi1cs,SUNWi15cs,SUNWxwfnt,SUNWsprox" />
      <PATCHES VALUE="118558-22,112874-39"/> 
      <KERNEL>
        <!--PROPERTY NAME="VERSION" VALUE="105181-23" /-->
        <!--PROPERTY NAME="ARCHITECTURE" VALUE="sun4u" /-->
        <PROPERTY NAME="BIT_SIZE" VALUE="64" />
        <!--PROPERTY NAME="shmsys:shminfo_shmmax" VALUE="4294967295" /-->
        <!--PROPERTY NAME="shmsys:shminfo_shmmni" VALUE="100" /-->
        <!--PROPERTY NAME="shmsys:shminfo_shmmin" VALUE="1" /-->
        <!--PROPERTY NAME="shmsys:shminfo_shmseg" VALUE="10" /-->
        <!--PROPERTY NAME="semsys:seminfo_semmni" VALUE="100" /-->
        <!--PROPERTY NAME="semsys:seminfo_semnls" VALUE="1024" /-->
        <!--PROPERTY NAME="semsys:seminfo_semmsl" VALUE="256" /-->
      </KERNEL>
    </OPERATING_SYSTEM>
    <OPERATING_SYSTEM>
      <VERSION VALUE="5.10"/>
      <ARCHITECTURE VALUE="sparc"/>
      <NAME VALUE="SunOS"/>
      <VENDOR VALUE="Sun Microsystems Inc."/>
      <PACKAGES VALUE="SUNWarc,SUNWbtool,SUNWhea,SUNWlibC,SUNWlibm,SUNWlibms,SUNWsprot,SUNWtoo,SUNWi1of,SUNWi1cs,SUNWi15cs,SUNWxwfnt" />
      <PATCHES VALUE="127111-02,137111-04"/> 
      <KERNEL>
        <!--PROPERTY NAME="VERSION" VALUE="105181-23" /-->
        <!--PROPERTY NAME="ARCHITECTURE" VALUE="sun4u" /-->
        <PROPERTY NAME="BIT_SIZE" VALUE="64" />
        <!--PROPERTY NAME="shmsys:shminfo_shmmax" VALUE="4294967295" /-->
        <!--PROPERTY NAME="shmsys:shminfo_shmmni" VALUE="100" /-->
        <!--PROPERTY NAME="shmsys:shminfo_shmmin" VALUE="1" /-->
        <!--PROPERTY NAME="shmsys:shminfo_shmseg" VALUE="10" /-->
        <!--PROPERTY NAME="semsys:seminfo_semmni" VALUE="100" /-->
        <!--PROPERTY NAME="semsys:seminfo_semnls" VALUE="1024" /-->
        <!--PROPERTY NAME="semsys:seminfo_semmsl" VALUE="256" /-->
      </KERNEL>
    </OPERATING_SYSTEM>
   <OPERATING_SYSTEM>
      <VERSION VALUE="5.11"/>
      <ARCHITECTURE VALUE="sparc"/>
      <NAME VALUE="SunOS"/>
      <VENDOR VALUE="Sun Microsystems Inc."/>
      <PACKAGES VALUE="SUNWlibC"/>
      <PATCHES/> 
      <KERNEL>
        <!--PROPERTY NAME="VERSION" VALUE="105181-23" /-->
        <!--PROPERTY NAME="ARCHITECTURE" VALUE="sun4u" /-->
        <PROPERTY NAME="BIT_SIZE" VALUE="64" />
        <!--PROPERTY NAME="shmsys:shminfo_shmmax" VALUE="4294967295" /-->
        <!--PROPERTY NAME="shmsys:shminfo_shmmni" VALUE="100" /-->
        <!--PROPERTY NAME="shmsys:shminfo_shmmin" VALUE="1" /-->
        <!--PROPERTY NAME="shmsys:shminfo_shmseg" VALUE="10" /-->
        <!--PROPERTY NAME="semsys:seminfo_semmni" VALUE="100" /-->
        <!--PROPERTY NAME="semsys:seminfo_semnls" VALUE="1024" /-->
        <!--PROPERTY NAME="semsys:seminfo_semmsl" VALUE="256" /-->
      </KERNEL>
    </OPERATING_SYSTEM>
  </CERTIFIED_SYSTEMS>
  <ORACLE_HOME>
    <COMPATIBILITY_MATRIX>
      <ALLOW>
        <NEW_HOME/>
      </ALLOW>   
      <DISALLOW>
        <COMP NAME="oracle.server" ATLEAST="8.1.0.0.0" ATMOST="9.2.0.9.0"/>
        <COMP NAME="oracle.server" ATLEAST="10.1.0.0.0" ATMOST="10.2.0.9.0"/>
        <COMP NAME="oracle.client" ATLEAST="8.1.0.0.0" ATMOST="9.2.0.9.0"/>
        <COMP NAME="oracle.iappserver.iapptop" ATLEAST="9.0.2.0.0" ATMOST="99.9.9.9.9"/>
        <COMP NAME="oracle.iappserver.infrastructure" ATLEAST="9.0.2.0.0" ATMOST="99.9.9.9.9"/>
        <COMP NAME="oracle.iappserver.devcorner " ATLEAST="9.0.2.0.0" ATMOST="99.9.9.9.9"/>
        <COMP NAME="oracle.ids.toplevel.development" ATLEAST="9.0.0.0.0" ATMOST="99.9.9.9.9"/>
        <COMP NAME="oracle.install.instcommon" ATLEAST="8.1.3.0.0" ATMOST="9.2.9.9.9"/>
        <COMP NAME="oracle.client" ATLEAST="10.1.0.0.0" />
        <COMP NAME="oracle.crs" ATLEAST="10.1.0.0.0" />
        <ORCA_HOME/> 
      </DISALLOW>     
    </COMPATIBILITY_MATRIX>
  </ORACLE_HOME>
</HOST>
