<?xml version='1.0' encoding='windows-1252'?>
<!-- Copyright (c) 2004, 2014, Oracle and/or its affiliates. 
All rights reserved.-->
<!-- ref host for Windows -->
<HOST PLATID="912">
  <SYSTEM>
    <MEMORY>
      <PHYSICAL_MEMORY VALUE="1024" UNIT="MB"/>
      <AVAILABLE_MEMORY VALUE="512" UNIT="MB"/>
	   <SWAP_SIZE>
        <STEP NAME="PHYSICAL_MEMORY" ATLEAST="0" ATMOST="256" UNIT="MB" VALUE="3"/>
        <STEP NAME="PHYSICAL_MEMORY" GREATER_THAN="256" ATMOST="512" UNIT="MB" MULTIPLE="2"/>
        <STEP NAME="PHYSICAL_MEMORY" GREATER_THAN="512" ATMOST="2048" UNIT="MB" MULTIPLE="1.5"/>
        <STEP NAME="PHYSICAL_MEMORY" GREATER_THAN="2048" ATMOST="8192" UNIT="MB" MULTIPLE="1"/>
        <STEP NAME="PHYSICAL_MEMORY" GREATER_THAN="8192" UNIT="MB" MULTIPLE="0.75"/>
      </SWAP_SIZE>
    </MEMORY>
  </SYSTEM> 
  <CERTIFIED_SYSTEMS>
    <!--<OPERATING_SYSTEM>
      <VERSION VALUE="5.0"/>
      <SERVICE_PACK VALUE="4"/> 
    </OPERATING_SYSTEM>-->
    <OPERATING_SYSTEM>
      <VERSION VALUE="5.1"/>
      <SERVICE_PACK VALUE="2"/> 
    </OPERATING_SYSTEM>
    <OPERATING_SYSTEM>
      <VERSION VALUE="5.2"/>
      <SERVICE_PACK VALUE="2"/>
    </OPERATING_SYSTEM>
    <OPERATING_SYSTEM>
      <VERSION VALUE="6.0"/>
      <SERVICE_PACK VALUE="1"/>
    </OPERATING_SYSTEM>
    <OPERATING_SYSTEM>
      <VERSION VALUE="6.1"/>
    </OPERATING_SYSTEM>
    <OPERATING_SYSTEM>
      <VERSION VALUE="6.2"/>
    </OPERATING_SYSTEM>
    <OPERATING_SYSTEM>
      <VERSION VALUE="6.3"/>
    </OPERATING_SYSTEM>
  </CERTIFIED_SYSTEMS>
  <ORACLE_HOME>
    <COMPATIBILITY_MATRIX>
      <ALLOW>
        <NEW_HOME/>
      </ALLOW>   
      <DISALLOW>
	<COMP NAME="oracle.server" ATLEAST="8.1.0.0.0" ATMOST="9.2.0.9.0"/>
	<COMP NAME="oracle.server" ATLEAST="10.1.0.0.0" ATMOST="10.1.0.9.0"/>
	<COMP NAME="oracle.client" ATLEAST="8.1.0.0.0" ATMOST="9.2.0.9.0"/>
	<COMP NAME="oracle.iappserver.iapptop" ATLEAST="9.0.2.0.0" ATMOST="99.9.9.9.9"/>
	<COMP NAME="oracle.iappserver.infrastructure" ATLEAST="9.0.2.0.0" ATMOST="99.9.9.9.9"/>
	<COMP NAME="oracle.iappserver.devcorner " ATLEAST="9.0.2.0.0" ATMOST="99.9.9.9.9"/>
	<COMP NAME="oracle.ids.toplevel.development" ATLEAST="9.0.0.0.0" ATMOST="99.9.9.9.9"/>
	<COMP NAME="oracle.networking.netclt" ATLEAST="8.1.3.0.0" ATMOST="9.2.0.9.0"/>
	<COMP NAME="oracle.install.instcommon" ATLEAST="8.1.3.0.0" ATMOST="9.2.9.9.9"/>
	<COMP NAME="oracle.client" ATLEAST="10.1.0.0.0" />
	<COMP NAME="oracle.crs" ATLEAST="10.1.0.0.0" />
	<ORCA_HOME/> 
      </DISALLOW>     
    </COMPATIBILITY_MATRIX>
  </ORACLE_HOME>
</HOST>

