<?xml version='1.0' encoding='windows-1252'?>
<HOST PLATID="610">
  <SYSTEM>
      <MEMORY>
	    <PHYSICAL_MEMORY VALUE="1024" UNIT="MB"/>
             <AVAILABLE_MEMORY VALUE="512" UNIT="MB"/>
              <SWAP_SIZE>
	<STEP NAME="PHYSICAL_MEMORY" ATLEAST="0" ATMOST="256" UNIT="MB" MULTIPLE="3"/>
	<STEP NAME="PHYSICAL_MEMORY" GREATER_THAN="256" ATMOST="512" UNIT="MB" MULTIPLE="2"/>
       	<STEP NAME="PHYSICAL_MEMORY" GREATER_THAN="512" ATMOST="2048" UNIT="MB" MULTIPLE="1.5"/>
	<STEP NAME="PHYSICAL_MEMORY" GREATER_THAN="2048" ATMOST="8192" UNIT="MB" MULTIPLE="1"/>
        <STEP NAME="PHYSICAL_MEMORY" GREATER_THAN="8192" UNIT="MB" MULTIPLE="0.75"/>
	</SWAP_SIZE>
</MEMORY>
 </SYSTEM>
  <CERTIFIED_SYSTEMS>
    <OPERATING_SYSTEM>
      <VERSION VALUE="5300.08"/>
      <NAME VALUE="AIX"/>
      <VENDOR VALUE="IBM"/>
      <PACKAGES>
        <PACKAGE VALUE="bos.adt.base" VERSION="0.0" />
        <PACKAGE VALUE="bos.adt.lib" VERSION="0.0" />
        <PACKAGE VALUE="bos.adt.libm" VERSION="0.0" />
        <PACKAGE VALUE="bos.perf.libperfstat" VERSION="0.0" />
        <PACKAGE VALUE="bos.perf.perfstat" VERSION="0.0" />
        <PACKAGE VALUE="bos.perf.proctools" VERSION="0.0" />
        <PACKAGE VALUE="rsct.basic.rte" VERSION="0.0" />
        <PACKAGE VALUE="rsct.compat.clients.rte" VERSION="0.0" />
        <PACKAGE VALUE="bos.mp64" VERSION="5.3.0.56" />
        <PACKAGE VALUE="bos.rte.libc" VERSION="5.3.0.55" />
        <PACKAGE VALUE="xlC.aix50.rte" VERSION="8.0.0.7" />
        <PACKAGE VALUE="xlC.rte" VERSION="8.0.0.7" />
      </PACKAGES>
      <!--<PATCHES VALUE="IY89080,IY92037,IY94343,IZ01060,IZ03260"/> --> 
     <PATCHES VALUE=""/>
<!--
      <PATCHES>
        <PATCH VALUE="IY89080" PACKAGE="bos.rte.aio" VERSION="5.3.0.51" /> 
        <PATCH VALUE="IY92037" PACKAGE="bos.rte.aio" VERSION="5.3.0.52" /> 
        <PATCH VALUE="IY94343" PACKAGE="bos.rte.lvm" VERSION="5.3.0.55" />
	<PATCH VALUE="IZ01060" PACKAGE="bos.rte.libc" VERSION="5.3.0.64" />
	<PATCH VALUE="IZ03260" PACKAGE="bos.rte.aio" VERSION="5.3.0.62" />
      </PATCHES> 
-->
    </OPERATING_SYSTEM>
     <OPERATING_SYSTEM>
      <VERSION VALUE="6100.02"/>
      <NAME VALUE="AIX"/>
      <VENDOR VALUE="IBM"/>
      <PACKAGES>
        <PACKAGE VALUE="bos.adt.base" VERSION="0.0" />
        <PACKAGE VALUE="bos.adt.lib" VERSION="0.0" />
        <PACKAGE VALUE="bos.adt.libm" VERSION="0.0" />
        <PACKAGE VALUE="bos.perf.libperfstat" VERSION="0.0" />
        <PACKAGE VALUE="bos.perf.perfstat" VERSION="0.0" />
        <PACKAGE VALUE="bos.perf.proctools" VERSION="0.0" />
        <PACKAGE VALUE="rsct.basic.rte" VERSION="0.0" />
        <PACKAGE VALUE="rsct.compat.clients.rte" VERSION="0.0" />
        <PACKAGE VALUE="xlC.aix50.rte" VERSION="9.0.0.0" />
        <PACKAGE VALUE="xlC.rte" VERSION="9.0.0.0" />
     </PACKAGES>
     <PATCHES VALUE=""/>
    </OPERATING_SYSTEM>
    <OPERATING_SYSTEM>
      <VERSION VALUE="7100.00"/>
      <NAME VALUE="AIX"/>
      <VENDOR VALUE="IBM"/>
      <PACKAGES>
        <PACKAGE VALUE="bos.adt.base" VERSION="0.0" />
        <PACKAGE VALUE="bos.adt.lib" VERSION="0.0" />
        <PACKAGE VALUE="bos.adt.libm" VERSION="0.0" />
        <PACKAGE VALUE="bos.perf.libperfstat" VERSION="0.0" />
        <PACKAGE VALUE="bos.perf.perfstat" VERSION="0.0" />
        <PACKAGE VALUE="bos.perf.proctools" VERSION="0.0" />
        <PACKAGE VALUE="rsct.basic.rte" VERSION="0.0" />
        <PACKAGE VALUE="rsct.compat.clients.rte" VERSION="0.0" />
        <PACKAGE VALUE="xlC.aix61.rte" VERSION="10.1.0.0" />
        <PACKAGE VALUE="xlC.rte" VERSION="10.1.0.0" />
     </PACKAGES>
     <PATCHES VALUE=""/>
    </OPERATING_SYSTEM>
    <OPERATING_SYSTEM>
      <VERSION VALUE="7200.00"/>
      <NAME VALUE="AIX"/>
      <VENDOR VALUE="IBM"/>
      <PACKAGES>
        <PACKAGE VALUE="bos.adt.base" VERSION="0.0" />
        <PACKAGE VALUE="bos.adt.lib" VERSION="0.0" />
        <PACKAGE VALUE="bos.adt.libm" VERSION="0.0" />
        <PACKAGE VALUE="bos.perf.libperfstat" VERSION="0.0" />
        <PACKAGE VALUE="bos.perf.perfstat" VERSION="0.0" />
        <PACKAGE VALUE="bos.perf.proctools" VERSION="0.0" />
        <PACKAGE VALUE="rsct.basic.rte" VERSION="0.0" />
        <PACKAGE VALUE="rsct.compat.clients.rte" VERSION="0.0" />
        <PACKAGE VALUE="xlC.aix61.rte" VERSION="10.1.0.0" />
        <PACKAGE VALUE="xlC.rte" VERSION="10.1.0.0" />
     </PACKAGES>
     <PATCHES VALUE=""/>
    </OPERATING_SYSTEM>
  </CERTIFIED_SYSTEMS>
  <ORACLE_HOME>
    <COMPATIBILITY_MATRIX>
      <ALLOW>
        <NEW_HOME/>
      </ALLOW>   
      <DISALLOW>
        <COMP NAME="oracle.server" ATLEAST="8.1.0.0.0" ATMOST="9.2.0.9.0"/>
        <COMP NAME="oracle.server" ATLEAST="10.1.0.0.0" ATMOST="10.2.0.9.0"/>
        <COMP NAME="oracle.client" ATLEAST="8.1.0.0.0" ATMOST="9.2.0.9.0"/>
        <COMP NAME="oracle.iappserver.iapptop" ATLEAST="9.0.2.0.0" ATMOST="99.9.9.9.9"/>
        <COMP NAME="oracle.iappserver.infrastructure" ATLEAST="9.0.2.0.0" ATMOST="99.9.9.9.9"/>
        <COMP NAME="oracle.iappserver.devcorner " ATLEAST="9.0.2.0.0" ATMOST="99.9.9.9.9"/>
        <COMP NAME="oracle.ids.toplevel.development" ATLEAST="9.0.0.0.0" ATMOST="99.9.9.9.9"/>
        <COMP NAME="oracle.install.instcommon" ATLEAST="8.1.3.0.0" ATMOST="9.2.9.9.9"/>
        <COMP NAME="oracle.client" ATLEAST="10.1.0.0.0" />
        <COMP NAME="oracle.crs" ATLEAST="10.1.0.0.0" />
        <ORCA_HOME/> 
      </DISALLOW>     
    </COMPATIBILITY_MATRIX>
  </ORACLE_HOME>
</HOST>
